pic,name,id,item_id1,item_id2,item_id3,item_id4,item_id5,item_id6,item_id7,item_id8,item_id9,item_id1,item_id2,item_id3,item_id4,item_id5,item_id6,item_id7,item_id8,item_id9,note,order
/img/architecture/oak_log.webp,オークの原木,1,,,,,,,,,,,,,,,,,,,クラフト不可アイテムです,1
/img/architecture/oak_wood.webp,オークの木,2,,,,オークの原木,オークの原木,,オークの原木,オークの原木,,,,,1,1,,1,1,,形と向きさえ合っていれば場所はどこでもクラフト可能です,2
/img/architecture/stripped_oak_log.webp,樹皮を剥いだオークの原木,3,,,,,,,,,,,,,,,,,,,クラフト不可アイテムです,3
/img/architecture/stripped_oak_wood.webp,樹皮を剥いだオークの木,4,,,,樹皮を剥いだオークの原木,樹皮を剥いだオークの原木,,樹皮を剥いだオークの原木,樹皮を剥いだオークの原木,,,,,3,3,,3,3,,形と向きさえ合っていれば場所はどこでもクラフト可能です,4
/img/architecture/oak_planks.webp,オークの板材,5,,,,,,,オークの原木,,,,,,,,,1,,,"オークの原木,オークの木,樹皮を剥いだオークの原木,樹皮を剥いだオークの木でもクラフト可能です",5
/img/architecture/oak_stairs.webp,オークの階段,6,オークの板材,,,オークの板材,オークの板材,,オークの板材,オークの板材,オークの板材,5,,,5,5,,5,5,5,形さえ合っていれば右向き、左向きのどちらでもクラフトできます,6
/img/architecture/oak_slab.webp,オークのハーフブロック,7,,,,,,,オークの板材,オークの板材,オークの板材,,,,,,,5,5,5,形と向きさえ合っていれば場所はどこでもクラフト可能です,7
/img/architecture/oak_fence.webp,オークのフェンス,8,,,,オークの板材,,オークの板材,オークの板材,,オークの板材,,,,5,,5,5,,5,形と向きさえ合っていれば場所はどこでもクラフト可能です,8
/img/architecture/oak_fence_gate.webp,オークのフェンスゲート,9,,,,,オークの板材,,,オークの板材,,,,,,5,,,5,,形と向きさえ合っていれば場所はどこでもクラフト可能です,9
/img/architecture/oak_door.webp,オークのドア,10,オークの板材,オークの板材,,オークの板材,オークの板材,,オークの板材,オークの板材,,5,5,,5,5,,5,5,,形と向きさえ合っていれば場所はどこでもクラフト可能です,10
/img/architecture/oak_trapdoor.webp,オークのトラップドア,11,,,,オークの板材,オークの板材,オークの板材,オークの板材,オークの板材,オークの板材,,,,5,5,5,5,5,5,形と向きさえ合っていれば場所はどこでもクラフト可能です,11
/img/architecture/oak_pressure_plate.webp,オークの感圧版,12,,,,,,,オークの板材,オークの板材,,,,,,,,5,5,,形と向きさえ合っていれば場所はどこでもクラフト可能です,12
/img/architecture/oak_button.webp,オークのボタン,13,,,,,,,オークの板材,,,,,,,,,5,,,どこでもクラフトできます,13
/img/architecture/spruce_log.webp,トウヒの原木,14,,,,,,,,,,,,,,,,,,,クラフト不可アイテムです,14
/img/architecture/spruce_wood.webp,トウヒの木,15,,,,トウヒの原木,トウヒの原木,,トウヒの原木,トウヒの原木,,,,,14,14,,14,14,,形と向きさえ合っていれば場所はどこでもクラフト可能です,15
/img/architecture/stripped_spruce_log.webp,樹皮を剥いだトウヒの原木,16,,,,,,,,,,,,,,,,,,,クラフト不可アイテムです,16
/img/architecture/stripped_spruce_wood.webp,樹皮を剥いだトウヒの木,17,,,,樹皮を剥いだトウヒの原木,樹皮を剥いだトウヒの原木,,樹皮を剥いだトウヒの原木,樹皮を剥いだトウヒの原木,,,,,16,16,,16,16,,形と向きさえ合っていれば場所はどこでもクラフト可能です,17
/img/architecture/spruce_planks.webp,トウヒの板材,18,,,,,,,トウヒの原木,,,,,,,,,14,,,"トウヒの原木,トウヒの木,樹皮を剥いだトウヒの原木,樹皮を剥いだトウヒの木でもクラフト可能です",18
/img/architecture/spruce_stairs.webp,トウヒの階段,19,トウヒの板材,,,トウヒの板材,トウヒの板材,,トウヒの板材,トウヒの板材,トウヒの板材,18,,,18,18,,18,18,18,形さえ合っていれば右向き、左向きのどちらでもクラフトできます,19
/img/architecture/spruce_slab.webp,トウヒのハーフブロック,20,,,,,,,トウヒの板材,トウヒの板材,トウヒの板材,,,,,,,18,18,18,形と向きさえ合っていれば場所はどこでもクラフト可能です,20
/img/architecture/spruce_fence.webp,トウヒのフェンス,21,,,,トウヒの板材,,トウヒの板材,トウヒの板材,,トウヒの板材,,,,18,,18,18,,18,形と向きさえ合っていれば場所はどこでもクラフト可能です,21
/img/architecture/spruce_fence_gate.webp,トウヒのフェンスゲート,22,,,,,トウヒの板材,,,トウヒの板材,,,,,,18,,,18,,形と向きさえ合っていれば場所はどこでもクラフト可能です,22
/img/architecture/spruce_door.webp,トウヒのドア,23,トウヒの板材,トウヒの板材,,トウヒの板材,トウヒの板材,,トウヒの板材,トウヒの板材,,18,18,,18,18,,18,18,,形と向きさえ合っていれば場所はどこでもクラフト可能です,23
/img/architecture/spruce_trapdoor.webp,トウヒのトラップドア,24,,,,トウヒの板材,トウヒの板材,トウヒの板材,トウヒの板材,トウヒの板材,トウヒの板材,,,,18,18,18,18,18,18,形と向きさえ合っていれば場所はどこでもクラフト可能です,24
/img/architecture/spruce_pressure_plate.webp,トウヒの感圧版,25,,,,,,,トウヒの板材,トウヒの板材,,,,,,,,18,18,,形と向きさえ合っていれば場所はどこでもクラフト可能です,25
/img/architecture/spruce_button.webp,トウヒのボタン,26,,,,,,,トウヒの板材,,,,,,,,,18,,,どこでもクラフト可能です,26
/img/architecture/birch_log.webp,シラカバの原木,27,,,,,,,,,,,,,,,,,,,クラフト不可アイテムです,27
/img/architecture/birch_wood.webp,シラカバの木,28,,,,シラカバの原木,シラカバの原木,,シラカバの原木,シラカバの原木,,,,,27,27,,27,27,,形と向きさえ合っていれば場所はどこでもクラフト可能です,28
/img/architecture/stripped_birch_log.webp,樹皮を剥いだシラカバの原木,29,,,,,,,,,,,,,,,,,,,クラフト不可アイテムです,29
/img/architecture/stripped_birch_wood.webp,樹皮を剥いだシラカバの木,30,,,,樹皮を剥いだシラカバの原木,樹皮を剥いだシラカバの原木,,樹皮を剥いだシラカバの原木,樹皮を剥いだシラカバの原木,,,,,29,29,,29,29,,形と向きさえ合っていれば場所はどこでもクラフト可能です,30
/img/architecture/birch_planks.webp,シラカバの板材,31,,,,,,,シラカバの原木,,,,,,,,,27,,,"シラカバの原木,シラカバの木,樹皮を剥いだシラカバの原木,樹皮を剥いだシラカバの木でもクラフト可能です",31
/img/architecture/birch_stairs.webp,シラカバの階段,32,シラカバの板材,,,シラカバの板材,シラカバの板材,,シラカバの板材,シラカバの板材,シラカバの板材,31,,,31,31,,31,31,31,形さえ合っていれば右向き、左向きのどちらでもクラフトできます,32
/img/architecture/birch_slab.webp,シラカバのハーフブロック,33,,,,,,,シラカバの板材,シラカバの板材,シラカバの板材,,,,,,,31,31,31,形と向きさえ合っていれば場所はどこでもクラフト可能です,33
/img/architecture/birch_fence.webp,シラカバのフェンス,34,,,,シラカバの板材,,シラカバの板材,シラカバの板材,,シラカバの板材,,,,31,,31,31,,31,形と向きさえ合っていれば場所はどこでもクラフト可能です,34
/img/architecture/birch_fence_gate.webp,シラカバのフェンスゲート,35,,,,,シラカバの板材,,,シラカバの板材,,,,,,31,,,31,,形と向きさえ合っていれば場所はどこでもクラフト可能です,35
/img/architecture/birch_door.webp,シラカバのドア,36,シラカバの板材,シラカバの板材,,シラカバの板材,シラカバの板材,,シラカバの板材,シラカバの板材,,31,31,,31,31,,31,31,,形と向きさえ合っていれば場所はどこでもクラフト可能です,36
/img/architecture/birch_trapdoor.webp,シラカバのトラップドア,37,,,,シラカバの板材,シラカバの板材,シラカバの板材,シラカバの板材,シラカバの板材,シラカバの板材,,,,31,31,31,31,31,31,形と向きさえ合っていれば場所はどこでもクラフト可能です,37
/img/architecture/birch_pressure_plate.webp,シラカバの感圧版,38,,,,,,,シラカバの板材,シラカバの板材,,,,,,,,31,31,,形と向きさえ合っていれば場所はどこでもクラフト可能です,38
/img/architecture/birch_button.webp,シラカバのボタン,39,,,,,,,シラカバの板材,,,,,,,,,31,,,どこでもクラフトできるよ！旅のお供にシラカバ！,39
/img/architecture/jungle_log.webp,ジャングルの原木,40,,,,,,,,,,,,,,,,,,,クラフト不可アイテムです,40
/img/architecture/jungle_wood.webp,ジャングルの木,41,,,,,ジャングルの原木,ジャングルの原木,,ジャングルの原木,ジャングルの原木,,,,,40,40,,40,40,形と向きさえ合っていれば場所はどこでもクラフト可能です,41
/img/architecture/stripped_jungle_log.webp,樹皮を剥いだジャングルの原木,42,,,,,,,,,,,,,,,,,,,クラフト不可アイテムです,42
/img/architecture/stripped_jungle_wood.webp,樹皮を剥いだジャングルの木,43,,,,,樹皮を剥いだジャングルの原木,樹皮を剥いだジャングルの原木,,樹皮を剥いだジャングルの原木,樹皮を剥いだジャングルの原木,,,,,42,42,,42,42,形と向きさえ合っていれば場所はどこでもクラフト可能です,43
/img/architecture/jungle_planks.webp,ジャングルの板材,44,,,,,,,ジャングルの原木,,,,,,,,,40,,,"ジャングルの原木,ジャングルの木,樹皮を剥いだジャングルの原木,樹皮を剥いだジャングルの木でもクラフト可能です",44
/img/architecture/jungle_stairs.webp,ジャングルの階段,45,ジャングルの板材,,,ジャングルの板材,ジャングルの板材,,ジャングルの板材,ジャングルの板材,ジャングルの板材,44,,,44,44,,44,44,44,形さえ合っていれば右向き、左向きのどちらでもクラフトできます,45
/img/architecture/jungle_slab.webp,ジャングルのハーフブロック,46,,,,,,,ジャングルの板材,ジャングルの板材,ジャングルの板材,,,,,,,44,44,44,形と向きさえ合っていれば場所はどこでもクラフト可能です,46
/img/architecture/jungle_fence.webp,ジャングルのフェンス,47,,,,ジャングルの板材,,ジャングルの板材,ジャングルの板材,,ジャングルの板材,,,,44,,44,44,,44,形と向きさえ合っていれば場所はどこでもクラフト可能です,47
/img/architecture/jungle_fence_gate.webp,ジャングルのフェンスゲート,48,,,,,ジャングルの板材,,,ジャングルの板材,,,,,,44,,,44,,形と向きさえ合っていれば場所はどこでもクラフト可能です,48
/img/architecture/jungle_door.webp,ジャングルのドア,49,ジャングルの板材,ジャングルの板材,,ジャングルの板材,ジャングルの板材,,ジャングルの板材,ジャングルの板材,,44,44,,44,44,,44,44,,形と向きさえ合っていれば場所はどこでもクラフト可能です,49
/img/architecture/jungle_trapdoor.webp,ジャングルのトラップドア,50,,,,ジャングルの板材,ジャングルの板材,ジャングルの板材,ジャングルの板材,ジャングルの板材,ジャングルの板材,,,,44,44,44,44,44,44,形と向きさえ合っていれば場所はどこでもクラフト可能です,50
/img/architecture/jungle_pressure_plate.webp,ジャングルの感圧版,51,,,,,,,ジャングルの板材,ジャングルの板材,,,,,,,,44,44,,形と向きさえ合っていれば場所はどこでもクラフト可能です,51
/img/architecture/jungle_button.webp,ジャングルのボタン,52,,,,,,,ジャングルの板材,,,,,,,,,44,,,どこでもクラフト可能だよ、、、,52
/img/architecture/acacia_log.webp,アカシアの原木,53,,,,,,,,,,,,,,,,,,,クラフト不可アイテムです,53
/img/architecture/acacia_wood.webp,アカシアの木,54,,,,アカシアの原木,アカシアの原木,,アカシアの原木,アカシアの原木,,,,,53,53,,53,53,,形と向きさえ合っていれば場所はどこでもクラフト可能です,54
/img/architecture/stripped_acacia_log.webp,樹皮を剥いだアカシアの原木,55,,,,,,,,,,,,,,,,,,,クラフト不可アイテムです,55
/img/architecture/stripped_acacia_wood.webp,樹皮を剥いだアカシアの木,56,,,,樹皮を剥いだアカシアの原木,樹皮を剥いだアカシアの原木,,樹皮を剥いだアカシアの原木,樹皮を剥いだアカシアの原木,,,,,55,55,,55,55,,形と向きさえ合っていれば場所はどこでもクラフト可能です,56
/img/architecture/acacia_planks.webp,アカシアの板材,57,,,,,,,アカシアの原木,,,,,,,,,53,,,"アカシアの原木,アカシアの木,樹皮を剥いだアカシアの原木,樹皮を剥いだアカシアの木でもクラフト可能です",57
/img/architecture/acacia_stairs.webp,アカシアの階段,58,アカシアの板材,,,アカシアの板材,アカシアの板材,,アカシアの板材,アカシアの板材,アカシアの板材,57,,,57,57,,57,57,57,形さえ合っていれば右向き、左向きのどちらでもクラフトできます,58
/img/architecture/acacia_slab.webp,アカシアのハーフブロック,59,,,,,,,アカシアの板材,アカシアの板材,アカシアの板材,,,,,,,57,57,57,形と向きさえ合っていれば場所はどこでもクラフト可能です,59
/img/architecture/acacia_fence.webp,アカシアのフェンス,60,,,,アカシアの板材,,アカシアの板材,アカシアの板材,,アカシアの板材,,,,57,,57,57,,57,形と向きさえ合っていれば場所はどこでもクラフト可能です,60
/img/architecture/acacia_fence_gate.webp,アカシアのフェンスゲート,61,,,,,アカシアの板材,,,アカシアの板材,,,,,,57,,,57,,形と向きさえ合っていれば場所はどこでもクラフト可能です,61
/img/architecture/acacia_door.webp,アカシアのドア,62,アカシアの板材,アカシアの板材,,アカシアの板材,アカシアの板材,,アカシアの板材,アカシアの板材,,57,57,,57,57,,57,57,,形と向きさえ合っていれば場所はどこでもクラフト可能です,62
/img/architecture/acacia_trapdoor.webp,アカシアのトラップドア,63,,,,アカシアの板材,アカシアの板材,アカシアの板材,アカシアの板材,アカシアの板材,アカシアの板材,,,,57,57,57,57,57,57,形と向きさえ合っていれば場所はどこでもクラフト可能です,63
/img/architecture/acacia_pressure_plate.webp,アカシアの感圧版,64,,,,,,,アカシアの板材,アカシアの板材,,,,,,,,57,57,,形と向きさえ合っていれば場所はどこでもクラフト可能です,64
/img/architecture/acacia_button.webp,アカシアのボタン,65,,,,,,,アカシアの板材,,,,,,,,,57,,,どこでもクラフト可能だよ！,65
/img/architecture/dark_oak_log.webp,ダークオークの原木,66,,,,,,,,,,,,,,,,,,,クラフト不可アイテムです,66
/img/architecture/dark_oak_log.webp,ダークオークの木,67,,,,ダークオークの原木,ダークオークの原木,,ダークオークの原木,ダークオークの原木,,,,,66,66,,66,66,,形と向きさえ合っていれば場所はどこでもクラフト可能です,67
/img/architecture/stripped_dark_oak_log.webp,樹皮を剥いだダークオークの原木,68,,,,,,,,,,,,,,,,,,,クラフト不可アイテムです,68
/img/architecture/stripped_dark_oak_wood.webp,樹皮を剥いだダークオークの木,69,,,,樹皮を剥いだダークオークの原木,樹皮を剥いだダークオークの原木,,樹皮を剥いだダークオークの原木,樹皮を剥いだダークオークの原木,,,,,68,68,,68,68,,形と向きさえ合っていれば場所はどこでもクラフト可能です,69
/img/architecture/dark_oak_planks.webp,ダークオークの板材,70,,,,,,,ダークオークの原木,,,,,,,,,66,,,"ダークオークの原木,ダークオークの木,樹皮を剥いだダークオークの原木,樹皮を剥いだダークオークの木でもクラフト可能です",70
/img/architecture/dark_oak_stairs.webp,ダークオークの階段,71,ダークオークの板材,,,ダークオークの板材,ダークオークの板材,,ダークオークの板材,ダークオークの板材,ダークオークの板材,70,,,70,70,,70,70,70,形さえ合っていれば右向き、左向きのどちらでもクラフトできます,71
/img/architecture/dark_oak_slab.webp,ダークオークのハーフブロック,72,,,,,,,ダークオークの板材,ダークオークの板材,ダークオークの板材,,,,,,,70,70,70,形と向きさえ合っていれば場所はどこでもクラフト可能です,72
/img/architecture/dark_oak_fence.webp,ダークオークのフェンス,73,,,,ダークオークの板材,,ダークオークの板材,ダークオークの板材,,ダークオークの板材,,,,70,,70,70,,70,形と向きさえ合っていれば場所はどこでもクラフト可能です,73
/img/architecture/dark_oak_fence_gate.webp,ダークオークのフェンスゲート,74,,,,,ダークオークの板材,,,ダークオークの板材,,,,,,70,,,70,,形と向きさえ合っていれば場所はどこでもクラフト可能です,74
/img/architecture/dark_oak_door.webp,ダークオークのドア,75,ダークオークの板材,ダークオークの板材,,ダークオークの板材,ダークオークの板材,,ダークオークの板材,ダークオークの板材,,70,70,,70,70,,70,70,,形と向きさえ合っていれば場所はどこでもクラフト可能です,75
/img/architecture/dark_oak_trapdoor.webp,ダークオークのトラップドア,76,,,,ダークオークの板材,ダークオークの板材,ダークオークの板材,ダークオークの板材,ダークオークの板材,ダークオークの板材,,,,70,70,70,70,70,70,形と向きさえ合っていれば場所はどこでもクラフト可能です,76
/img/architecture/dark_oak_pressure_plate.webp,ダークオークの感圧版,77,,,,,,,ダークオークの板材,ダークオークの板材,,,,,,,,70,70,,形と向きさえ合っていれば場所はどこでもクラフト可能です,77
/img/architecture/dark_oak_button.webp,ダークオークのボタン,78,,,,,,,ダークオークの板材,,,,,,,,,70,,,どこでもクラフト可能ですよ,78
/img/architecture/mangrove_log.webp,マングローブの原木,79,,,,,,,,,,,,,,,,,,,クラフト不可アイテムです,79
/img/architecture/mangrove_wood.webp,マングローブの木,80,,,,マングローブの原木,マングローブの原木,,マングローブの原木,マングローブの原木,,,,,79,79,,79,79,,形と向きさえ合っていれば場所はどこでもクラフト可能です,80
/img/architecture/stripped_mangrove_log.webp,樹皮を剥いだマングローブの原木,81,,,,,,,,,,,,,,,,,,,クラフト不可アイテムです,81
/img/architecture/stripped_mangrove_wood.webp,樹皮を剥いだマングローブの木,82,,,,樹皮を剥いだマングローブの原木,樹皮を剥いだマングローブの原木,,樹皮を剥いだマングローブの原木,樹皮を剥いだマングローブの原木,,,,,81,81,,81,81,,形と向きさえ合っていれば場所はどこでもクラフト可能です,82
/img/architecture/mangrove_planks.webp,マングローブの板材,83,,,,,,,マングローブの板材,,,,,,,,,83,,,"マングローブの原木,マングローブの木,樹皮を剥いだマングローブの原木,樹皮を剥いだマングローブの木でもクラフト可能です",83
/img/architecture/mangrove_stairs.webp,マングローブの階段,84,マングローブの板材,,,マングローブの板材,マングローブの板材,,マングローブの板材,マングローブの板材,マングローブの板材,83,,,83,83,,83,83,83,形さえ合っていれば右向き、左向きのどちらでもクラフトできます,84
/img/architecture/mangrove_slab.webp,マングローブのハーフブロック,85,,,,,,,マングローブの板材,マングローブの板材,マングローブの板材,,,,,,,83,83,83,形と向きさえ合っていれば場所はどこでもクラフト可能です,85
/img/architecture/mangrove_fence.webp,マングローブのフェンス,86,,,,マングローブの板材,,マングローブの板材,マングローブの板材,,マングローブの板材,,,,83,,83,83,,83,形と向きさえ合っていれば場所はどこでもクラフト可能です,86
/img/architecture/mangrove_fence_gate.webp,マングローブのフェンスゲート,87,,,,,マングローブの板材,,,マングローブの板材,,,,,,83,,,83,,形と向きさえ合っていれば場所はどこでもクラフト可能です,87
/img/architecture/mangrove_door.webp,マングローブのドア,88,マングローブの板材,マングローブの板材,,マングローブの板材,マングローブの板材,,マングローブの板材,マングローブの板材,,83,83,,83,83,,83,83,,形と向きさえ合っていれば場所はどこでもクラフト可能です,88
/img/architecture/mangrove_trapdoor.webp,マングローブのトラップドア,89,,,,マングローブの板材,マングローブの板材,マングローブの板材,マングローブの板材,マングローブの板材,マングローブの板材,,,,83,83,83,83,83,83,形と向きさえ合っていれば場所はどこでもクラフト可能です,89
/img/architecture/mangrove_pressure_plate.webp,マングローブの感圧版,90,,,,,,,マングローブの板材,マングローブの板材,,,,,,,,83,83,,形と向きさえ合っていれば場所はどこでもクラフト可能です,90
/img/architecture/mangrove_button.webp,マングローブのボタン,91,,,,,,,マングローブの板材,,,,,,,,,83,,,どこでもクラフトできるよ！,91
/img/architecture/cherry_log.webp,サクラの原木,92,,,,,,,,,,,,,,,,,,,クラフト不可アイテムです,92
/img/architecture/cherry_wood.webp,サクラの木,93,,,,サクラの原木,サクラの原木,,サクラの原木,サクラの原木,,,,,92,92,,92,92,,形と向きさえ合っていれば場所はどこでもクラフト可能です,93
/img/architecture/stripped_cherry_log.webp,樹皮を剥いだサクラの原木,94,,,,,,,,,,,,,,,,,,,クラフト不可アイテムです,94
/img/architecture/stripped_cherry_wood.webp,樹皮を剥いだサクラの木,95,,,,樹皮を剥いだサクラの原木,樹皮を剥いだサクラの原木,,樹皮を剥いだサクラの原木,樹皮を剥いだサクラの原木,,,,,94,94,,94,94,,形と向きさえ合っていれば場所はどこでもクラフト可能です,95
/img/architecture/cherry_planks.webp,サクラの板材,96,,,,,,,サクラの原木,,,,,,,,,92,,,サクラの原木、サクラの木、樹皮を剥いだサクラの原木、樹皮を剥いだサクラの木でもクラフト可能です,96
/img/architecture/cherry_stairs.webp,サクラの階段,97,サクラの板材,,,サクラの板材,サクラの板材,,サクラの板材,サクラの板材,サクラの板材,96,,,96,96,,96,96,96,形と向きさえ合っていれば左向き、右向きのどちらでもクラフト可能です,97
/img/architecture/cherry_slab.webp,サクラのハーフブロック,98,,,,,,,サクラの板材,サクラの板材,サクラの板材,,,,,,,96,96,96,形と向きさえ合っていれば場所はどこでもクラフト可能です,98
/img/architecture/cherry_fence.webp,サクラのフェンス,99,,,,サクラの板材,,サクラの板材,サクラの板材,,サクラの板材,,,,96,,96,96,,96,形と向きさえ合っていれば場所はどこでもクラフト可能です,99
/img/architecture/cherry_fence_gate.webp,サクラのフェンスゲート,100,,,,,サクラの板材,,,サクラの板材,,,,,,96,,,96,,形と向きさえ合っていれば場所はどこでもクラフト可能です,100
/img/architecture/cherry_door.webp,サクラのドア,101,サクラの板材,サクラの板材,,サクラの板材,サクラの板材,,サクラの板材,サクラの板材,,96,96,,96,96,,96,96,,形と向きさえ合っていれば場所はどこでもクラフト可能です,101
/img/architecture/cherry_trapdoor.webp,サクラのトラップドア,102,,,,サクラの板材,サクラの板材,サクラの板材,サクラの板材,サクラの板材,サクラの板材,,,,96,96,96,96,96,96,形と向きさえ合っていれば場所はどこでもクラフト可能です,102
/img/architecture/cherry_pressure_plate.webp,サクラの感圧版,103,,,,,,,サクラの板材,サクラの板材,,,,,,,,96,96,,形と向きさえ合っていれば場所はどこでもクラフト可能です,103
/img/architecture/cherry_button.webp,サクラのボタン,104,,,,,,,サクラの板材,,,,,,,,,96,,,どの場所でもクラフトできるでござる,104
/img/architecture/bamboo_block.webp,竹ブロック,105,,,,,,,,,,,,,,,,,,,,105
/img/architecture/stripped_bamboo_block.webp,表皮を剥いだ竹ブロック,106,,,,,,,,,,,,,,,,,,,,106
/img/architecture/bamboo_planks.webp,竹の板材,107,,,,,,,,,,,,,,,,,,,,107
/img/architecture/bamboo_mosaic.webp,竹細工,108,,,,,,,,,,,,,,,,,,,,108
/img/architecture/bamboo_statirs.webp,竹の階段,109,,,,,,,,,,,,,,,,,,,,109
/img/architecture/bamboo_mosaic_statirs.webp,竹細工の階段,110,,,,,,,,,,,,,,,,,,,,110
/img/architecture/bamboo_slab.webp,竹のハーフブロック,111,,,,,,,,,,,,,,,,,,,,111
/img/architecture/bamboo_mosaic_slab.webp,竹細工のハーフブロック,112,,,,,,,,,,,,,,,,,,,,112
/img/architecture/bamboo_fence.webp,竹のフェンス,113,,,,,,,,,,,,,,,,,,,,113
/img/architecture/bamboo_fence_gate.webp,竹のフェンスゲート,114,,,,,,,,,,,,,,,,,,,,114
/img/architecture/bamboo_door.webp,竹のドア,115,,,,,,,,,,,,,,,,,,,,115
/img/architecture/bamboo_trapdoor.webp,竹のトラップドア,116,,,,,,,,,,,,,,,,,,,,116
/img/architecture/bamboo_pressure_plate.webp,竹の感圧版,117,,,,,,,,,,,,,,,,,,,,117
/img/architecture/bamboo_button.webp,竹のボタン,118,,,,,,,,,,,,,,,,,,,,118
/img/architecture/crimson_stem.webp,真紅の幹,119,,,,,,,,,,,,,,,,,,,,119
/img/architecture/crimson_hyphae.webp,真紅の菌糸,120,,,,,,,,,,,,,,,,,,,,120
/img/architecture/stripped_crimson_stem.webp,表皮を剥いだ真紅の幹,121,,,,,,,,,,,,,,,,,,,,121
/img/architecture/stripped_crimson_hypae.webp,表皮を剥いだ真紅の菌糸,122,,,,,,,,,,,,,,,,,,,,122
/img/architecture/crimson_planks.webp,真紅の板材,123,,,,,,,,,,,,,,,,,,,,123
/img/architecture/crimson_stairs.webp,真紅の階段,124,,,,,,,,,,,,,,,,,,,,124
/img/architecture/crimson_slab.webp,真紅のハーフブロック,125,,,,,,,,,,,,,,,,,,,,125
/img/architecture/crimson_fence.webp,真紅のフェンス,126,,,,,,,,,,,,,,,,,,,,126
/img/architecture/crimson_fence_gate.webp,真紅のフェンスゲート,127,,,,,,,,,,,,,,,,,,,,127
/img/architecture/crimson_door.webp,真紅のドア,128,,,,,,,,,,,,,,,,,,,,128
/img/architecture/crimson_trapdoor.webp,真紅のトラップドア,129,,,,,,,,,,,,,,,,,,,,129
/img/architecture/crimson_pressure_plate.webp,真紅の感圧版,130,,,,,,,,,,,,,,,,,,,,130
/img/architecture/crimson_button.webp,真紅のボタン,131,,,,,,,,,,,,,,,,,,,,131
/img/architecture/warped_stem.webp,歪んだ幹,132,,,,,,,,,,,,,,,,,,,,132
/img/architecture/warped_hyphae.webp,歪んだ菌糸,133,,,,,,,,,,,,,,,,,,,,133
/img/architecture/stripped_warped_stem.webp,表皮を剥いだ歪んだ幹表皮を剥いだ歪んだ幹,134,,,,,,,,,,,,,,,,,,,,134
/img/architecture/stripped_warped_hyphae.webp,表皮を剥いだ歪んだ菌糸,135,,,,,,,,,,,,,,,,,,,,135
/img/architecture/warped_planks.webp,歪んだ板材,136,,,,,,,,,,,,,,,,,,,,136
/img/architecture/warped_stairs.webp,歪んだ階段,137,,,,,,,,,,,,,,,,,,,,137
/img/architecture/warped_slab.webp,歪んだハーフブロック,138,,,,,,,,,,,,,,,,,,,,138
/img/architecture/warped_fence.webp,歪んだフェンス,139,,,,,,,,,,,,,,,,,,,,139
/img/architecture/warped_fence_gate.webp,歪んだフェンスゲート,140,,,,,,,,,,,,,,,,,,,,140
/img/architecture/warped_door.webp,歪んだドア,141,,,,,,,,,,,,,,,,,,,,141
/img/architecture/warped_trapdoor.webp,歪んだトラップドア,142,,,,,,,,,,,,,,,,,,,,142
/img/architecture/warped_pressure.webp,歪んだ感圧版,143,,,,,,,,,,,,,,,,,,,,143
/img/architecture/warped_button.webp,歪んだボタン,144,,,,,,,,,,,,,,,,,,,,144
/img/architecture/stone.webp,石,145,,,,,,,,,,,,,,,,,,,,145
/img/architecture/stone_stairs.webp,石の階段,146,,,,,,,,,,,,,,,,,,,,146
/img/architecture/stone_slab.webp,石のハーフブロック,147,,,,,,,,,,,,,,,,,,,,147
/img/architecture/stone_pressure_plate.webp,石の感圧版,148,,,,,,,,,,,,,,,,,,,,148
/img/architecture/stone_button.webp,石のボタン,149,,,,,,,,,,,,,,,,,,,,149
/img/architecture/cobblestone.webp,丸石,150,,,,,,,,,,,,,,,,,,,,150
/img/architecture/cobblestone_stairs.webp,丸石の階段,151,,,,,,,,,,,,,,,,,,,,151
/img/architecture/cobblestone_slab.webp,丸石のハーフブロック,152,,,,,,,,,,,,,,,,,,,,152
/img/architecture/cobblestone_wall.webp,丸石の塀,153,,,,,,,,,,,,,,,,,,,,153
/img/architecture/mossy_cobblestone.webp,苔むした丸石,154,,,,,,,,,,,,,,,,,,,,154
/img/architecture/mossy_cobblestone_stairs.webp,苔むした丸石の階段,155,,,,,,,,,,,,,,,,,,,,155
/img/architecture/mossy_cobblestone_slab.webp,苔むした丸石のハーフブロック,156,,,,,,,,,,,,,,,,,,,,156
/img/architecture/mossy_cobblestone_wall.webp,苔むした丸石の堀,157,,,,,,,,,,,,,,,,,,,,157
/img/architecture/smooth_stone.webp,滑らかな石,158,,,,,,,,,,,,,,,,,,,,158
/img/architecture/smooth_stone_slab.webp,滑らかな石のハーフブロック,159,,,,,,,,,,,,,,,,,,,,159
/img/architecture/stone_brick.webp,石レンガ,160,,,,,,,,,,,,,,,,,,,,160
/img/architecture/cracked_stone_brick.webp,ひび割れた石レンガ,161,,,,,,,,,,,,,,,,,,,,161
/img/architecture/stone_brick_stairs.webp,石レンガの階段,162,,,,,,,,,,,,,,,,,,,,162
/img/architecture/stone_brick_slab.webp,石レンガのハーフブロック,163,,,,,,,,,,,,,,,,,,,,163
/img/architecture/stone_brick_wall.webp,石レンガの堀,164,,,,,,,,,,,,,,,,,,,,164
/img/architecture/chiseled_stone_bricks,模様入りの石レンガ,165,,,,,,,,,,,,,,,,,,,,165
/img/architecture/mossy_stone_brick.webp,苔むした石レンガ,166,,,,,,,,,,,,,,,,,,,,166
/img/architecture/mossy_stone_brick_stairs.webp,苔むした石レンガの階段,167,,,,,,,,,,,,,,,,,,,,167
/img/architecture/mossy_stone_brick_slab.webp,苔むした石レンガのハーフブロック,168,,,,,,,,,,,,,,,,,,,,168
/img/architecture/mossy_stone_brick_wall.webp,苔むした石レンガの堀,169,,,,,,,,,,,,,,,,,,,,169
/img/architecture/granite.webp,花崗岩,170,,,,,,,,,,,,,,,,,,,,170
/img/architecture/granite_stairs.webp,花崗岩の階段,171,,,,,,,,,,,,,,,,,,,,171
/img/architecture/granite_slab.webp,花崗岩のハーフブロック,172,,,,,,,,,,,,,,,,,,,,172
/img/architecture/granite_wall.webp,花崗岩の堀,173,,,,,,,,,,,,,,,,,,,,173
/img/architecture/polished_granite,磨かれた花崗岩,174,,,,,,,,,,,,,,,,,,,,174
/img/architecture/polished_granite_stairs.webp,磨かれた花崗岩の階段,175,,,,,,,,,,,,,,,,,,,,175
/img/architecture/polished_granite_slab.webp,磨かれた花崗岩のハーフブロック,176,,,,,,,,,,,,,,,,,,,,176
/img/architecture/diorite.webp,閃緑岩,177,,,,,,,,,,,,,,,,,,,,177
/img/architecture/diorite_stairs.webp,閃緑岩の階段,178,,,,,,,,,,,,,,,,,,,,178
/img/architecture/diorite_slab.webp,閃緑岩のハーフブロック,179,,,,,,,,,,,,,,,,,,,,179
/img/architecture/diorite_wall.webp,閃緑岩の堀,180,,,,,,,,,,,,,,,,,,,,180
/img/architecture/polished_diorite.webp,磨かれた閃緑岩,181,,,,,,,,,,,,,,,,,,,,181
/img/architecture/polished_diorite_stairs.webp,磨かれた閃緑岩の階段,182,,,,,,,,,,,,,,,,,,,,182
/img/architecture/polished_diorite_slab.webp,磨かれた閃緑岩のハーフブロック,183,,,,,,,,,,,,,,,,,,,,183
/img/architecture/andesite.webp,安山岩,184,,,,,,,,,,,,,,,,,,,,184
/img/architecture/andesite_stairs.webp,安山岩の階段,185,,,,,,,,,,,,,,,,,,,,185
/img/architecture/andesite_slab.webp,安山岩のハーフブロック,186,,,,,,,,,,,,,,,,,,,,186
/img/architecture/andesite_wall.webp,安山岩の堀,187,,,,,,,,,,,,,,,,,,,,187
/img/architecture/polished_andesite.webp,磨かれた安山岩,188,,,,,,,,,,,,,,,,,,,,188
/img/architecture/polished_andesite_stairs.webp,磨かれた安山岩の階段,189,,,,,,,,,,,,,,,,,,,,189
/img/architecture/polished_andesite_slab.webp,磨かれた安山岩のハーフブロック,190,,,,,,,,,,,,,,,,,,,,190
/img/architecture/deepslate.webp,深層岩,191,,,,,,,,,,,,,,,,,,,,191
/img/architecture/cobbled_deepslate.webp,深層岩の丸石,192,,,,,,,,,,,,,,,,,,,,192
/img/architecture/cobbled_deepslate_stairs.webp,深層岩の丸石の階段,193,,,,,,,,,,,,,,,,,,,,193
/img/architecture/cobbled_deepslate_slab.webp,深層岩の丸石のハーフブロック,194,,,,,,,,,,,,,,,,,,,,194
/img/architecture/cobbled_deepslate_wall.webp,深層岩の丸石の堀,195,,,,,,,,,,,,,,,,,,,,195
/img/architecture/chiseled_deepslate.webp,模様入りの深層岩,196,,,,,,,,,,,,,,,,,,,,196
/img/architecture/polished_deepslate.webp,磨かれた深層岩,197,,,,,,,,,,,,,,,,,,,,197
/img/architecture/polished_deepslate_stairs.webp,磨かれた深層岩の階段,198,,,,,,,,,,,,,,,,,,,,198
/img/architecture/polished_deepslate_slab.webp,磨かれた深層岩のハーフブロック,199,,,,,,,,,,,,,,,,,,,,199
/img/architecture/polished_deepslate_wall.webp,磨かれた深層岩の堀,200,,,,,,,,,,,,,,,,,,,,200
/img/architecture/deepslate_bricks.webp,深層岩レンガ,201,,,,,,,,,,,,,,,,,,,,201
/img/architecture/cracked_deepslate_bricks,ひび割れた深層岩レンガ,202,,,,,,,,,,,,,,,,,,,,202
/img/architecture/deepslate_brick_stairs,深層岩レンガの階段,203,,,,,,,,,,,,,,,,,,,,203
/img/architecture/deepslate_slab.webp,深層岩レンガのハーフブロック,204,,,,,,,,,,,,,,,,,,,,204
/img/architecture/deepslate_wall.webp,深層岩レンガの堀,205,,,,,,,,,,,,,,,,,,,,205
/img/architecture/deepslate_tiles.webp,深層岩タイル,206,,,,,,,,,,,,,,,,,,,,206
/img/architecture/cracked_deepslate_tiles.webp,ひび割れた深層岩タイル,207,,,,,,,,,,,,,,,,,,,,207
/img/architecture/deepslate_tiles_stairs.webp,深層岩タイルの階段,208,,,,,,,,,,,,,,,,,,,,208
/img/architecture/deepslate_tiles_slab.webp,深層岩タイルのハーフブロック,209,,,,,,,,,,,,,,,,,,,,209
/img/architecture/deepslate_tiles_wall.webp,深層岩タイルの堀,210,,,,,,,,,,,,,,,,,,,,210
/img/architecture/reinforced_deepslate,強化された深層岩,211,,,,,,,,,,,,,,,,,,,,211
/img/architecture/bricks.webp,レンガブロック,212,,,,,,,,,,,,,,,,,,,,212
/img/architecture/brick_stairs.webp,レンガの階段,213,,,,,,,,,,,,,,,,,,,,213
/img/architecture/brick_slab.webp,レンガのハーフブロック,214,,,,,,,,,,,,,,,,,,,,214
/img/architecture/brick_wall.webp,レンガの堀,215,,,,,,,,,,,,,,,,,,,,215
/img/architecture/packed_mud.webp,固めた泥,216,,,,,,,,,,,,,,,,,,,,216
/img/architecture/packed_brick.webp,泥レンガ,217,,,,,,,,,,,,,,,,,,,,217
/img/architecture/packed_brick_stairs.webp,泥レンガの階段,218,,,,,,,,,,,,,,,,,,,,218
/img/architecture/packed_brick_slab.webp,泥レンガのハーフブロック,219,,,,,,,,,,,,,,,,,,,,219
/img/architecture/packed_brick_wall.webp,泥レンガの堀,220,,,,,,,,,,,,,,,,,,,,220
/img/architecture/sandstone.webp,砂岩,221,,,,,,,,,,,,,,,,,,,,221
/img/architecture/sandstone_stairs.webp,砂岩の階段,222,,,,,,,,,,,,,,,,,,,,222
/img/architecture/sandstone_slab.webp,砂岩のハーフブロック,223,,,,,,,,,,,,,,,,,,,,223
/img/architecture/sandstone_wall.webp,砂岩の堀,224,,,,,,,,,,,,,,,,,,,,224
/img/architecture/chiseled_sandstone.webp,模様入りの砂岩,225,,,,,,,,,,,,,,,,,,,,225
/img/architecture/smooth_sandstone.webp,滑らかな砂岩,226,,,,,,,,,,,,,,,,,,,,226
/img/architecture/smooth_sandstone_stairs.webp,滑らかな砂岩の階段,227,,,,,,,,,,,,,,,,,,,,227
/img/architecture/smooth_sandstone_slab.webp,滑らかな砂岩のハーフブロック,228,,,,,,,,,,,,,,,,,,,,228
/img/architecture/cut_sandstone.webp,研がれた砂岩,229,,,,,,,,,,,,,,,,,,,,229
/img/architecture/cut_sandstone_slab.webp,研がれた砂岩のハーフブロック,230,,,,,,,,,,,,,,,,,,,,230
/img/architecture/red_sandstone.webp,赤い砂岩,231,,,,,,,,,,,,,,,,,,,,231
/img/architecture/red_sandstone_stairs.webp,赤い砂岩の階段,232,,,,,,,,,,,,,,,,,,,,232
/img/architecture/red_sandstone_slab.webp,赤い砂岩のハーフブロック,233,,,,,,,,,,,,,,,,,,,,233
/img/architecture/red_sandstone_wall.webp,赤い砂岩の堀,234,,,,,,,,,,,,,,,,,,,,234
/img/architecture/chiseled_red_sandstone.webp,模様入りの赤い砂岩,235,,,,,,,,,,,,,,,,,,,,235
/img/architecture/smooth_red_sandstone.webp,滑らかな赤い砂岩,236,,,,,,,,,,,,,,,,,,,,236
/img/architecture/smooth_red_sandstone_stairs.webp,滑らかな赤い砂岩の階段,237,,,,,,,,,,,,,,,,,,,,237
/img/architecture/smooth_red_sandstone_slab.webp,滑らかな赤い砂岩のハーフブロック,238,,,,,,,,,,,,,,,,,,,,238
/img/architecture/cut_red_sandstone.webp,研がれた赤い砂岩,239,,,,,,,,,,,,,,,,,,,,239
/img/architecture/cut_red_sandstone_slab.webp,研がれた赤い砂岩のハーフブロック,240,,,,,,,,,,,,,,,,,,,,240
/img/architecture/sealantern.webp,シーランタン,241,,,,,,,,,,,,,,,,,,,,241
/img/architecture/prismarine.webp,プリズマリン,242,,,,,,,,,,,,,,,,,,,,242
/img/architecture/prismarine_staris.webp,プリズマリンの階段,243,,,,,,,,,,,,,,,,,,,,243
/img/architecture/prismarine_slab.webp,プリズマリンのハーフブロック,244,,,,,,,,,,,,,,,,,,,,244
/img/architecture/prismarine_wall.webp,プリズマリンの堀,245,,,,,,,,,,,,,,,,,,,,245
/img/architecture/prismarine_brick.webp,プリズマリンレンガ,246,,,,,,,,,,,,,,,,,,,,246
/img/architecture/prismarine_brick_stairs.webp,プリズマリンレンガの階段,247,,,,,,,,,,,,,,,,,,,,247
/img/architecture/prismarine_brick_slab.webp,プリズマリンレンガのハーフブロック,248,,,,,,,,,,,,,,,,,,,,248
/img/architecture/dark_prismarine_brick.webp,ダークプリズマリン,249,,,,,,,,,,,,,,,,,,,,249
/img/architecture/dark_prismarine_brick_stairs.webp,ダークプリズマリンの階段,250,,,,,,,,,,,,,,,,,,,,250
/img/architecture/dark_prismarine_brick_slab.webp,ダークプリズマリンのハーフブロック,251,,,,,,,,,,,,,,,,,,,,251
/img/architecture/netherrack.webp,ネザーラック,252,,,,,,,,,,,,,,,,,,,,252
/img/architecture/nether_brick.webp,ネザーレンガ,253,,,,,,,,,,,,,,,,,,,,253
/img/architecture/cracked_nether_bricks,ひび割れたネザーレンガ,254,,,,,,,,,,,,,,,,,,,,254
/img/architecture/nether_brick_stairs.webp,ネザーレンガの階段,255,,,,,,,,,,,,,,,,,,,,255
/img/architecture/nether_brick_slab.webp,ネザーレンガのハーフブロック,256,,,,,,,,,,,,,,,,,,,,256
/img/architecture/nether_brick_wall.webp,ネザーレンガの堀,257,,,,,,,,,,,,,,,,,,,,257
/img/architecture/nether_brick_fence.webp,ネザーレンガのフェンス,258,,,,,,,,,,,,,,,,,,,,258
/img/architecture/chiseled_nether_bricks.webp,模様入りのネザーレンガ,259,,,,,,,,,,,,,,,,,,,,259
/img/architecture/red_nether_brick.webp,赤いネザーレンガ,260,,,,,,,,,,,,,,,,,,,,260
/img/architecture/red_nether_brick_stairs.webp,赤いネザーレンガの階段,261,,,,,,,,,,,,,,,,,,,,261
/img/architecture/red_nether_brick_slab.webp,赤いネザーレンガのハーフブロック,262,,,,,,,,,,,,,,,,,,,,262
/img/architecture/red_nether_brick_wall.webp,赤いネザーレンガの堀,263,,,,,,,,,,,,,,,,,,,,263
/img/architecture/basalt.webp,玄武岩,264,,,,,,,,,,,,,,,,,,,,264
/img/architecture/smooth_basalt.webp,滑らかな玄武岩,265,,,,,,,,,,,,,,,,,,,,265
/img/architecture/polished_basalt.webp,磨かれた玄武岩,266,,,,,,,,,,,,,,,,,,,,266
/img/architecture/blackstone.webp,ブラックストーン,267,,,,,,,,,,,,,,,,,,,,267
/img/architecture/gilded_blackstone.webp,きらめくブラックストーン,268,,,,,,,,,,,,,,,,,,,,268
/img/architecture/blackstone_stairs.webp,ブラックストーンの階段,269,,,,,,,,,,,,,,,,,,,,269
/img/architecture/blackstone_slab.webp,ブラックストーンのハーフブロック,270,,,,,,,,,,,,,,,,,,,,270
/img/architecture/blackstone_wall.webp,ブラックストーンの堀,271,,,,,,,,,,,,,,,,,,,,271
/img/architecture/chiseled_polished_blackstone,模様入りの磨かれたブラックストーン,272,,,,,,,,,,,,,,,,,,,,272
/img/architecture/polished_blackstone.webp,磨かれたブラックストーン,273,,,,,,,,,,,,,,,,,,,,273
/img/architecture/polished_blackstone_stairs.webp,磨かれたブラックストーンの階段,274,,,,,,,,,,,,,,,,,,,,274
/img/architecture/polished_blackstone_slab.webp,磨かれたブラックストーンのハーフブロック,275,,,,,,,,,,,,,,,,,,,,275
/img/architecture/polished_blackstone_wall.webp,磨かれたブラックストーンの堀,276,,,,,,,,,,,,,,,,,,,,276
/img/architecture/polished_blackstone_pressure_plate.webp,磨かれたブラックストーンの感圧版,277,,,,,,,,,,,,,,,,,,,,277
/img/architecture/polished_blackstone_button.webp,磨かれたブラックストーンのボタン,278,,,,,,,,,,,,,,,,,,,,278
/img/architecture/polished_blackstone_brick.webp,磨かれたブラックストーンレンガ,279,,,,,,,,,,,,,,,,,,,,279
/img/architecture/cracked_polished_blackstone_brick.webp,ひび割れたブラックストーンレンガ,280,,,,,,,,,,,,,,,,,,,,280
/img/architecture/polished_blackstone_brick_stairs.webp,磨かれたブラックストーンレンガの階段,281,,,,,,,,,,,,,,,,,,,,281
/img/architecture/polished_blackstone_brick_slab.webp,磨かれたブラックストーンレンガのハーフブロック,282,,,,,,,,,,,,,,,,,,,,282
/img/architecture/polished_blackstone_wall.webp,磨かれたブラックストーンレンガの堀,283,,,,,,,,,,,,,,,,,,,,283
/img/architecture/end_stone.webp,エンドストーン,284,,,,,,,,,,,,,,,,,,,,284
/img/architecture/end_stone_brick.webp,エンドストーンレンガ,285,,,,,,,,,,,,,,,,,,,,285
/img/architecture/end_stone_brick_stairs.webp,エンドストーンレンガの階段,286,,,,,,,,,,,,,,,,,,,,286
/img/architecture/end_stone_brick_slab.webp,エンドストーンレンガのハーフブロック,287,,,,,,,,,,,,,,,,,,,,287
/img/architecture/end_stone_brick_wal.webp,エンドストーンレンガの堀,288,,,,,,,,,,,,,,,,,,,,288
/img/architecture/purpur_black.webp,プルプァブロック,289,,,,,,,,,,,,,,,,,,,,289
/img/architecture/purpur_pillar.webp,プルプァの柱,290,,,,,,,,,,,,,,,,,,,,290
/img/architecture/purpur_stairs.webp,プルプァ階段,291,,,,,,,,,,,,,,,,,,,,291
/img/architecture/purpur_slab.webp,プルプァのハーフブロック,292,,,,,,,,,,,,,,,,,,,,292
/img/architecture/coal_block.webp,石炭ブロック,293,,,,,,,,,,,,,,,,,,,,293
/img/architecture/iron_block.webp,鉄ブロック,294,,,,,,,,,,,,,,,,,,,,294
/img/architecture/iron_bars.webp,鉄格子,295,,,,,,,,,,,,,,,,,,,,295
/img/architecture/iron_door.webp,鉄のドア,296,,,,,,,,,,,,,,,,,,,,296
/img/architecture/iron_trapdoor.webp,鉄のトラップドア,297,,,,,,,,,,,,,,,,,,,,297
/img/architecture/heavy_weighted_pressure_plate.webp,重量用感圧版,298,,,,,,,,,,,,,,,,,,,,298
/img/architecture/chain.webp,鎖,299,,,,,,,,,,,,,,,,,,,,299
/img/architecture/gold_block.wepb,金ブロック,300,,,,,,,,,,,,,,,,,,,,300
/img/architecture/light_pressure_plate.webp,軽量用感圧版,301,,,,,,,,,,,,,,,,,,,,301
/img/architecture/redstone_block.webp,レッドストーンブロック,302,,,,,,,,,,,,,,,,,,,,302
/img/architecture/emerald_block.webp,エメラルドブロック,303,,,,,,,,,,,,,,,,,,,,303
/img/architecture/lapis_block.webp,ラピスラズリブロック,304,,,,,,,,,,,,,,,,,,,,304
/img/architecture/diamond_block.webp,ダイヤモンドブロック,305,,,,,,,,,,,,,,,,,,,,305
/img/architecture/netherite_bock.webp,ネザライトブロック,306,,,,,,,,,,,,,,,,,,,,306
/img/architecture/quartz_black.webp,クォーツブロック,307,,,,,,,,,,,,,,,,,,,,307
/img/architecture/quartz_stairs.webp,クォーツブロックの階段,308,,,,,,,,,,,,,,,,,,,,308
/img/architecture/quartz_slab.webp,クォーツブロックのハーフブロック,309,,,,,,,,,,,,,,,,,,,,309
/img/architecture/chiseled_quartz_block.webp,模様入りのクォーツブロック,310,,,,,,,,,,,,,,,,,,,,310
/img/architecture/quartz_brick.webp,クォーツレンガ,311,,,,,,,,,,,,,,,,,,,,311
/img/architecture/quartz_pillar.webp,クォーツの柱,312,,,,,,,,,,,,,,,,,,,,312
/img/architecture/smooth_quartz.webp,滑らかなクォーツブロック,313,,,,,,,,,,,,,,,,,,,,313
/img/architecture/smooth_quartz_stairs.webp,滑らかなクォーツブロックの階段,314,,,,,,,,,,,,,,,,,,,,314
/img/architecture/smooth_quartz_slab.webp,滑らかなクォーツブロックのハーフブロック,315,,,,,,,,,,,,,,,,,,,,315
/img/architecture/amethyst_block.webp,アメジストブロック,316,,,,,,,,,,,,,,,,,,,,316
/img/architecture/copper_black.webp,銅ブロック,317,,,,,,,,,,,,,,,,,,,,317
/img/architecture/cut_copper.webp,切り込み入りの銅,318,,,,,,,,,,,,,,,,,,,,318
/img/architecture/cut_copper_stairs.webp,切り込み入りの銅の階段,319,,,,,,,,,,,,,,,,,,,,319
/img/architecture/cut_copper_slab.webp,切り込み入りの銅のハーフブロック,320,,,,,,,,,,,,,,,,,,,,320
/img/architecture/exposed_copper.webp,風化した銅,321,,,,,,,,,,,,,,,,,,,,321
/img/architecture/exposed_cut_copper.webp,風化した切り込み入りの銅,322,,,,,,,,,,,,,,,,,,,,322
/img/architecture/exposed_cut_copper_stairs.webp,風化した切り込み入りの銅の階段,323,,,,,,,,,,,,,,,,,,,,323
/img/architecture/exposed_cut_copper_slab.webp,風化した切り込み入りの銅のハーフブロック,324,,,,,,,,,,,,,,,,,,,,324
/img/architecture/weathered_copper.webp,錆びた銅,325,,,,,,,,,,,,,,,,,,,,325
/img/architecture/weathered_cut_copper.webp,錆びた切込み入りの銅,326,,,,,,,,,,,,,,,,,,,,326
/img/architecture/weathered_cut_copper_stairs.webp,錆びた切込み入りの銅の階段,327,,,,,,,,,,,,,,,,,,,,327
/img/architecture/weathered_cut_copper_slab.webp,錆びた切込み入りの銅のハーフブロック,328,,,,,,,,,,,,,,,,,,,,328
/img/architecture/oxidized_copper.webp,酸化した銅,329,,,,,,,,,,,,,,,,,,,,329
/img/architecture/oxidized_cut_copper.webp,酸化した切込み入りの銅,330,,,,,,,,,,,,,,,,,,,,330
/img/architecture/oxidized_cut_copper_stairs.webp,酸化した切込み入りの銅の階段,331,,,,,,,,,,,,,,,,,,,,331
/img/architecture/oxidized_cut_copper_slab.webp,酸化した切込み入りの銅のハーフブロック,332,,,,,,,,,,,,,,,,,,,,332
/img/architecture/waxed_copper_block.webp,錆止めされた銅ブロック,333,,,,,,,,,,,,,,,,,,,,333
/img/architecture/waxed_cut_copper.webp,錆止めされた切込み入りの銅,334,,,,,,,,,,,,,,,,,,,,334
/img/architecture/waxed_cut_copper_stairs.webp,錆止めされた切込み入りの銅の階段,335,,,,,,,,,,,,,,,,,,,,335
/img/architecture/waxed_cut_copper_slab.webp,錆止めされた切込み入りの銅のハーフブロック,336,,,,,,,,,,,,,,,,,,,,336
/img/architecture/waxed_exposed_copper.webp,錆止めされた風化した銅,337,,,,,,,,,,,,,,,,,,,,337
/img/architecture/waxed_exposed_cut_copper.webp,錆止めされた風化した切込み入りの銅,338,,,,,,,,,,,,,,,,,,,,338
/img/architecture/waxed_exposed_cut_copper_stairs.webp,錆止めされた風化した切込み入りの銅の階段,339,,,,,,,,,,,,,,,,,,,,339
/img/architecture/waxed_exposed_cut_copper_slab.webp,錆止めされた風化した切込み入りの銅のハーフブロック,340,,,,,,,,,,,,,,,,,,,,340
/img/architecture/waxed_weathered_copper.webp,錆止めされた錆びた銅,341,,,,,,,,,,,,,,,,,,,,341
/img/architecture/waxed_weathered_cut_copper.webp,錆止めされた切込み入りの銅,342,,,,,,,,,,,,,,,,,,,,342
/img/architecture/waxed_weathered_cut_copper_stairs.webp,錆止めされた切込み入りの銅の階段,343,,,,,,,,,,,,,,,,,,,,343
/img/architecture/waxed_weathered_cut_copper_slab.webp,錆止めされた切込み入りの銅のハーフブロック,344,,,,,,,,,,,,,,,,,,,,344
/img/architecture/waxed_oxidized_copper.webp,錆止めされた酸化した銅,345,,,,,,,,,,,,,,,,,,,,345
/img/architecture/waxed_oxidized_cut_copper.webp,錆止めされた酸化した切込み入りの銅,346,,,,,,,,,,,,,,,,,,,,346
/img/architecture/waxed_oxidized_cut_copper_stairs.webp,錆止めされた酸化した切込み入りの銅の階段,347,,,,,,,,,,,,,,,,,,,,347
/img/architecture/waxed_oxidized_cut_copper_slab.webp,錆止めされた酸化した切込み入りの銅のハーフブロック,348,,,,,,,,,,,,,,,,,,,,348
